fingerprint,product_name,brand,sku,category_path,product_url,price,currency,unit_pack_size,availability,description,specifications,image_urls,alternative_products,rating,review_count,scraped_at
016f1ee5c85d9e4e78a4054f5425dc26,DentalProX VeraGraft™ Dental Powder,Safco Dental,PFWVG,sutures-surgical-products > Bone grafting tissue augmentation,https://www.safcodental.com/product/dentalprox-veragraft-trade-dental-powder,30.99,USD,,In Stock,,{},"[""https://www.safcodental.com/media/catalog/product/p/f/pfwvg.jpg""]",[],,,2026-03-17T07:05:46.493589
2af001fe45889f6bdeb2a5fac9ae041b,R.T.R. Membrane,Safco Dental,PFWRX,sutures-surgical-products > Bone grafting tissue augmentation,https://www.safcodental.com/product/r-t-r-membrane,108.99,USD,,In Stock,,{},"[""https://www.safcodental.com/media/catalog/product/p/f/pfwrx.jpg""]",[],,,2026-03-17T07:05:46.493589
a1658ac5a792c8452692efdd1e4f6c12,R.T.R.+ Syringe,Safco Dental,PFWRU,sutures-surgical-products > Bone grafting tissue augmentation,https://www.safcodental.com/product/r-t-r-syringe,152.99,USD,,In Stock,,{},"[""https://www.safcodental.com/media/catalog/product/p/f/pfwru.jpg""]",[],5.0,1,2026-03-17T07:05:46.493589
b15a6a34fd4ca7ad35cedfd77e2d816a,Regenafill™ Bone Graft Plug,Safco Dental,PFWRL,sutures-surgical-products > Bone grafting tissue augmentation,https://www.safcodental.com/product/regenafill-sup-trade-sup-bone-graft-plug,259.99,USD,,In Stock,,{},"[""https://www.safcodental.com/media/catalog/product/p/f/pfwrl.jpg""]",[],,,2026-03-17T07:05:46.493589
6bc220afe1b7520c4b1cbb4810e917d5,Ossify® Cortical Bone Sheet,Safco Dental,PFWRG,sutures-surgical-products > Bone grafting tissue augmentation,https://www.safcodental.com/product/ossify-sup-reg-sup-cortical-bone-sheet,149.49,USD,,In Stock,,{},"[""https://www.safcodental.com/media/catalog/product/p/f/pfwrg.jpg""]",[],,,2026-03-17T07:05:46.494590
c5567af46165f9886eddfa625b701dfa,Ossify® DBM Cortical Fiber Bone Graft,Safco Dental,PFWRF,sutures-surgical-products > Bone grafting tissue augmentation,https://www.safcodental.com/product/ossify-sup-reg-sup-dbm-cortical-fiber-bone-graft,121.49,USD,,In Stock,,{},"[""https://www.safcodental.com/media/catalog/product/p/f/pfwrf.jpg""]",[],,,2026-03-17T07:05:46.494590
3ac2386ed4d1590dfac33072f5e22891,Ossify® Min/Demin Cortical Cancellous Bone Graft,Safco Dental,PFWRE,sutures-surgical-products > Bone grafting tissue augmentation,https://www.safcodental.com/product/ossify-sup-reg-sup-min-demin-cortical-cancellous-bone-graft,79.99,USD,,In Stock,,{},"[""https://www.safcodental.com/media/catalog/product/p/f/pfwre.jpg""]",[],,,2026-03-17T07:05:46.494590
02464e088b5dde947956f150e06d0852,OSSIF-i sem™,Safco Dental,PFWRD,sutures-surgical-products > Bone grafting tissue augmentation,https://www.safcodental.com/product/ossif-i-sem-trade,41.49,USD,,In Stock,"Mineralized cancellous bone allograft Ideal for filling periodontal defects, extraction sockets, apicoectomy and root-resection. Can be used in conjunction with placement of dental implants. Double-sterile packaged jars can be taken directly to the sterile surgical site; material does not need to be transferred to another container. Mineralized cortical/cancellous bone allograftExcellent osteoconductive scaffold used in a variety of surgical procedures, including: extraction socket grafting, implant placement, osseous ridge repair, and sinus augmentations. Outstanding inner porosity and surface area, promotes clot formation and consistent, stable ossification and space maintenance. Double-sterile packaged jars; material does not need to be transferred to another container. Demineralized cancellous bone allograft sponge stripsPliable and resilient sponge matrix that can be adapted to numerous clinical needs including horizontal or vertical ridge augmentation, extraction sockets, recession defects, and can be used in conjunction with the placement of dental implants. Quickly becomes well vascularized following placement, and acts as an osteoconductive and osteoinductive scaffold for bone formation.",{},"[""https://www.safcodental.com/media/catalog/product/p/f/pfwrd.jpg""]",[],,,2026-03-17T07:05:46.494590
c74757d6ac77d868f5407164464c7d02,HeliPlug®,Safco Dental,PFWQW,sutures-surgical-products > Bone grafting tissue augmentation,https://www.safcodental.com/product/heliplug-reg,145.49,USD,,In Stock,,{},"[""https://www.safcodental.com/media/catalog/product/p/f/pfwqw.jpg""]",[],4.8,5,2026-03-17T07:05:46.494590
84543efc4010b1cad5089a9a81ad1360,HeliMend™ and HeliMend™ Advanced,Safco Dental,PFWQP,sutures-surgical-products > Bone grafting tissue augmentation,https://www.safcodental.com/product/helimend-trade-and-helimend-trade-advanced,102.59,USD,,In Stock,,{},"[""https://www.safcodental.com/media/catalog/product/p/f/pfwqp.jpg""]",[],,,2026-03-17T07:05:46.494590
097b3c794b016cdcc0e548ce6b56ecdb,HealiAid® Collagen,Safco Dental,PFWQM,sutures-surgical-products > Bone grafting tissue augmentation,https://www.safcodental.com/product/healiaid-reg-strong-nbsp-strong-collagen,106.99,USD,,In Stock,,{},"[""https://www.safcodental.com/media/catalog/product/p/f/pfwqm.jpg""]",[],4.0,1,2026-03-17T07:05:46.494590
c0432b006f25e4f6c4fc2d07e38bc0f0,Guidor® easy-graft® Classic,Safco Dental,PFWQJ,sutures-surgical-products > Bone grafting tissue augmentation,https://www.safcodental.com/product/guidor-reg-e-em-asy-graft-reg-em-classic,236.99,USD,,In Stock,,{},"[""https://www.safcodental.com/media/catalog/product/p/f/pfwqj.jpg""]",[],5.0,1,2026-03-17T07:05:46.494590
71e047e443a66dfc3113231b48a7629d,Foundation™,Safco Dental,PFWEG,sutures-surgical-products > Bone grafting tissue augmentation,https://www.safcodental.com/product/foundation-trade,420.49,USD,,In Stock,,{},"[""https://www.safcodental.com/media/catalog/product/p/f/pfweg.jpg""]",[],5.0,1,2026-03-17T07:05:46.494590
bb08be45d02835c489251e73e60497eb,COLLASHIELD™ Collagen Membrane,Safco Dental,PFWCC,sutures-surgical-products > Bone grafting tissue augmentation,https://www.safcodental.com/product/collashield-trade-collagen-membrane,128.99,USD,,In Stock,,{},"[""https://www.safcodental.com/media/catalog/product/p/f/pfwcc.jpg""]",[],,,2026-03-17T07:05:46.494590
a7bc57c1c0734e1ab863f40744c829cd,Coldstar Disposable Instant Non-Insulated Cold Pack,Safco Dental,PFVJJ,sutures-surgical-products > Cold packs,https://www.safcodental.com/product/coldstar-disposable-instant-non-insulated-cold-pack,20.99,USD,,In Stock,,{},"[""https://www.safcodental.com/media/catalog/product/p/f/pfvjj.jpg""]",[],,,2026-03-17T07:05:47.997175
292e9fce5f790f998547478a9805f326,Instant Cold Pack,Safco Dental,PFVGG,sutures-surgical-products > Cold packs,https://www.safcodental.com/product/instant-cold-pack,22.99,USD,,In Stock,,{},"[""https://www.safcodental.com/media/catalog/product/p/f/pfvgg.jpg""]",[],5.0,1,2026-03-17T07:05:47.997175
36ea4b96cbbcea2bfacba916eb489d29,Sterile water for injection - B Braun,Safco Dental,PFXKQ,sutures-surgical-products > IV fluids and administration sets,https://www.safcodental.com/product/sterile-water-for-injection-b-braun,80.99,USD,,In Stock,,{},"[""https://www.safcodental.com/media/catalog/product/p/f/pfxkq.jpg""]",[],5.0,1,2026-03-17T07:05:49.461467
0b103a5e7a2e11dc2044ac076de29d37,Sodium chloride 0.9% for injection - Baxter,Safco Dental,PFXHK,sutures-surgical-products > IV fluids and administration sets,https://www.safcodental.com/product/sodium-chloride-0-9-for-injection-baxter,73.99,USD,,In Stock,,{},"[""https://www.safcodental.com/media/catalog/product/p/f/pfxhk.jpg""]",[],5.0,2,2026-03-17T07:05:49.461467
80487e6ca4ddef045c75e10f231872a8,Sodium chloride 0.9% for injection - B Braun,Safco Dental,PFXHJ,sutures-surgical-products > IV fluids and administration sets,https://www.safcodental.com/product/sodium-chloride-0-9-for-injection-b-braun,63.29,USD,,In Stock,,{},"[""https://www.safcodental.com/media/catalog/product/p/f/pfxhj.jpg""]",[],5.0,2,2026-03-17T07:05:49.461467
df31d0dab05cfa8be9330d8f1443d913,Lactated Ringer's,Safco Dental,PFXER,sutures-surgical-products > IV fluids and administration sets,https://www.safcodental.com/product/lactated-ringer-s,70.49,USD,,In Stock,,{},"[""https://www.safcodental.com/media/catalog/product/p/f/pfxer.jpg""]",[],5.0,1,2026-03-17T07:05:49.461467
b0f6ebe821b5fe13d3b50b0884310d0c,IV administration sets,Safco Dental,PFXCT,sutures-surgical-products > IV fluids and administration sets,https://www.safcodental.com/product/iv-administration-sets,174.29,USD,,In Stock,,{},"[""https://www.safcodental.com/media/catalog/product/p/f/pfxct.jpg""]",[],,,2026-03-17T07:05:49.461467
ad3e4d0b2d7d0e718de7154842d123c4,HYBENX®,Safco Dental,PFSPP,sutures-surgical-products > Periodontal dressings,https://www.safcodental.com/product/hybenx-sup-reg-sup,133.79,USD,,In Stock,,{},"[""https://www.safcodental.com/media/catalog/product/p/f/pfspp.jpg""]",[],,,2026-03-17T07:05:51.016459
0b84715fee7e3fad354969eeb9a97e17,Coe-Pak™ Automix NDS,Safco Dental,PFSMW,sutures-surgical-products > Periodontal dressings,https://www.safcodental.com/product/coe-pak-trade-automix-nds,82.99,USD,,In Stock,,{},"[""https://www.safcodental.com/media/catalog/product/p/f/pfsmw.jpg""]",[],,,2026-03-17T07:05:51.016459
704cdfadf7e771181e8aa6bf68e35eb0,Coe-Pak™,Safco Dental,PFSJP,sutures-surgical-products > Periodontal dressings,https://www.safcodental.com/product/coe-pak-trade,127.99,USD,,In Stock,,{},"[""https://www.safcodental.com/media/catalog/product/p/f/pfsjp.jpg""]",[],1.0,1,2026-03-17T07:05:51.016459
3071370c453d5c9f1dfef53c7079a362,Barricaid®,Safco Dental,PFSGL,sutures-surgical-products > Periodontal dressings,https://www.safcodental.com/product/barricaid-reg,178.49,USD,,In Stock,,{},"[""https://www.safcodental.com/media/catalog/product/p/f/pfsgl.jpg""]",[],4.0,1,2026-03-17T07:05:51.016459
814d04b17cda2978c344d106cda814cb,Myco Medical Technocut® Disposable Scalpels,Safco Dental,PFLXA,sutures-surgical-products > Surgical blades and scalpels,https://www.safcodental.com/product/myco-medical-technocut-reg-disposable-scalpels,8.99,USD,,In Stock,,{},"[""https://www.safcodental.com/media/catalog/product/p/f/pflxa.jpg""]",[],,,2026-03-17T07:05:52.616898
7d99b6e1ad82a63df0ffe600d3ee4b28,Myco Medical GLASSVAN® Scalpel Blades,Safco Dental,PFLWR,sutures-surgical-products > Surgical blades and scalpels,https://www.safcodental.com/product/myco-medical-nbsp-glassvan-reg-scalpel-blades,24.99,USD,,In Stock,,{},"[""https://www.safcodental.com/media/catalog/product/p/f/pflwr.jpg""]",[],,,2026-03-17T07:05:52.616898
78de43cdb61b6a2dcc4be76839b1f09e,Soft Tissue Trimmer,Safco Dental,PFLWH,sutures-surgical-products > Surgical blades and scalpels,https://www.safcodental.com/product/soft-tissue-trimmer,139.99,USD,,In Stock,,{},"[""https://www.safcodental.com/media/catalog/product/p/f/pflwh.jpg""]",[],,,2026-03-17T07:05:52.616898
cd75c5b4edc88abb5cbe131e2797b92f,Safety Scalpels,Safco Dental,PFLVZ,sutures-surgical-products > Surgical blades and scalpels,https://www.safcodental.com/product/safety-scalpels,38.49,USD,,In Stock,,{},"[""https://www.safcodental.com/media/catalog/product/p/f/pflvz.jpg""]",[],,,2026-03-17T07:05:52.616898
27af4b74db991fddc8691b30620c5793,Feather® Microsurgical Blades,Safco Dental,PFLVV,sutures-surgical-products > Surgical blades and scalpels,https://www.safcodental.com/product/feather-sup-reg-nbsp-sup-microsurgical-blades,89.99,USD,,In Stock,,{},"[""https://www.safcodental.com/media/catalog/product/p/f/pflvv.jpg""]",[],,,2026-03-17T07:05:52.616898
96d388fbb0b07e669e4bad47fe07613c,Disposable scalpels - Integra Miltex,Safco Dental,PFLUN,sutures-surgical-products > Surgical blades and scalpels,https://www.safcodental.com/product/disposable-scalpels-integra-miltex,19.49,USD,,In Stock,,{},"[""https://www.safcodental.com/media/catalog/product/p/f/pflun.jpg""]",[],5.0,1,2026-03-17T07:05:52.616898
ae8d2943f2a4bd3ee7cae3813a140b82,Disposable scalpels - Bard-Parker (BD),Safco Dental,PFLUG,sutures-surgical-products > Surgical blades and scalpels,https://www.safcodental.com/product/disposable-scalpels-bard-parker-bd,18.99,USD,,In Stock,,{},"[""https://www.safcodental.com/media/catalog/product/p/f/pflug.jpg""]",[],5.0,1,2026-03-17T07:05:52.616898
f2dd057d62fcbcaea5f5d397eac83bd1,Surgical blades - Hu-Friedy,Safco Dental,PFLTA,sutures-surgical-products > Surgical blades and scalpels,https://www.safcodental.com/product/surgical-blades-hu-friedy,94.99,USD,,In Stock,,{},"[""https://www.safcodental.com/media/catalog/product/p/f/pflta.jpg""]",[],,,2026-03-17T07:05:52.616898
991f0ca3543eb697b0e9d39a7c3183e6,Disposable scalpels,Safco Dental,PFLSE,sutures-surgical-products > Surgical blades and scalpels,https://www.safcodental.com/product/disposable-scalpels,10.49,USD,,In Stock,,{},"[""https://www.safcodental.com/media/catalog/product/p/f/pflse.jpg""]",[],4.5,2,2026-03-17T07:05:52.617897
028f8c86b4d7c2aebd5fb57a74b52d9c,"Myco Medical Glassvan® Microsurgical Blades, Carbon Steel",Safco Dental,PFLQT,sutures-surgical-products > Surgical blades and scalpels,https://www.safcodental.com/product/myco-medical-glassvan-reg-microsurgical-blades-carbon-steel,8.49,USD,,In Stock,,{},"[""https://www.safcodental.com/media/catalog/product/p/f/pflqt.jpg""]",[],,,2026-03-17T07:05:52.617897
aa5e7a29dedb63c3648187a36aad3d8f,Scalpel Handles - Hu-Friedy,Safco Dental,PFLNB,sutures-surgical-products > Surgical blades and scalpels,https://www.safcodental.com/product/scalpel-handles-hu-friedy,37.99,USD,,In Stock,,{},"[""https://www.safcodental.com/media/catalog/product/p/f/pflnb.jpg""]",[],5.0,1,2026-03-17T07:05:52.617897
6507985a3d1610504dcc09aab260726b,Surgical blade handles - Bard-Parker (BD),Safco Dental,PFLMA,sutures-surgical-products > Surgical blades and scalpels,https://www.safcodental.com/product/surgical-blade-handles-bard-parker-bd,32.59,USD,,In Stock,,{},"[""https://www.safcodental.com/media/catalog/product/p/f/pflma.jpg""]",[],4.0,2,2026-03-17T07:05:52.617897
dbe3c28c5a48fc55dafcb1aef667cd63,Surgical blades,Safco Dental,PFLJQ,sutures-surgical-products > Surgical blades and scalpels,https://www.safcodental.com/product/surgical-blades,16.99,USD,,In Stock,,{},"[""https://www.safcodental.com/media/catalog/product/p/f/pfljq.jpg""]",[],5.0,1,2026-03-17T07:05:52.617897
28dd3d4abd700aa0232ae2703329136b,Surgical blades - Integra Miltex,Safco Dental,PFLGV,sutures-surgical-products > Surgical blades and scalpels,https://www.safcodental.com/product/surgical-blades-integra-miltex,51.99,USD,,In Stock,,{},"[""https://www.safcodental.com/media/catalog/product/p/f/pflgv.jpg""]",[],5.0,1,2026-03-17T07:05:52.617897
2009d85a5197df04f3486d4492e11751,Surgical blades - Bard-Parker (BD),Safco Dental,PFLDB,sutures-surgical-products > Surgical blades and scalpels,https://www.safcodental.com/product/surgical-blades-bard-parker-bd,56.29,USD,,In Stock,,{},"[""https://www.safcodental.com/media/catalog/product/p/f/pfldb.jpg""]",[],5.0,1,2026-03-17T07:05:52.618289
2f5ac53ba24cb316e5633b728e212703,Surgifoam®,Safco Dental,PFPJK,sutures-surgical-products > Surgical medicaments and packing,https://www.safcodental.com/product/surgifoam-reg,214.49,USD,,In Stock,,{},"[""https://www.safcodental.com/media/catalog/product/p/f/pfpjk.jpg""]",[],5.0,4,2026-03-17T07:05:54.085757
5109514c2c3bd6ccbe2a98b635c95b30,Surgicel®,Safco Dental,PFPHJ,sutures-surgical-products > Surgical medicaments and packing,https://www.safcodental.com/product/surgicel-reg,1118.99,USD,,In Stock,,{},"[""https://www.safcodental.com/media/catalog/product/p/f/pfphj.jpg""]",[],,,2026-03-17T07:05:54.085757
6b0791d3e4f9214f9c92aaeb952883c2,"OraSoothe® ""SOCKIT"" Gel",Safco Dental,PFPGH,sutures-surgical-products > Surgical medicaments and packing,https://www.safcodental.com/product/orasoothe-reg-sockit-gel,9.99,USD,,In Stock,,{},"[""https://www.safcodental.com/media/catalog/product/p/f/pfpgh.jpg""]",[],5.0,2,2026-03-17T07:05:54.085757
61204359a8227c04582354d7e6d0a77c,HemoStat™,Safco Dental,PFPFT,sutures-surgical-products > Surgical medicaments and packing,https://www.safcodental.com/product/hemostat-sup-trade-sup,118.49,USD,,In Stock,,{},"[""https://www.safcodental.com/media/catalog/product/p/f/pfpft.jpg""]",[],5.0,3,2026-03-17T07:05:54.085757
84221af2c87cd5a120db56d74b77ff05,ORCA™ Foam,Safco Dental,PFPFS,sutures-surgical-products > Surgical medicaments and packing,https://www.safcodental.com/product/orca-sup-trade-sup-foam,104.99,USD,,In Stock,,{},"[""https://www.safcodental.com/media/catalog/product/p/f/pfpfs.jpg""]",[],,,2026-03-17T07:05:54.085757
d8ff486d93c0eb20aee7f78b676e2192,PeriAcryl® 90,Safco Dental,PFPFR,sutures-surgical-products > Surgical medicaments and packing,https://www.safcodental.com/product/periacryl-reg-90,146.99,USD,,In Stock,,{},"[""https://www.safcodental.com/media/catalog/product/p/f/pfpfr.jpg""]",[],4.67,3,2026-03-17T07:05:54.085757
ccd5c348185c2f469989ab03f825db76,Orca™ Dry Socket,Safco Dental,PFPFQ,sutures-surgical-products > Surgical medicaments and packing,https://www.safcodental.com/product/orca-trade-dry-socket,122.95,USD,,In Stock,,{},"[""https://www.safcodental.com/media/catalog/product/p/f/pfpfq.jpg""]",[],,,2026-03-17T07:05:54.085757
d53374fa8591c19cd53b42b48b297bf7,HeliTape®,Safco Dental,PFPFP,sutures-surgical-products > Surgical medicaments and packing,https://www.safcodental.com/product/helitape-reg,228.99,USD,,In Stock,,{},"[""https://www.safcodental.com/media/catalog/product/p/f/pfpfp.jpg""]",[],,,2026-03-17T07:05:54.085757
564024c98d6f707bf7de0a1fbbc10368,Integra® Miltex® HeliCote®,Safco Dental,PFPFM,sutures-surgical-products > Surgical medicaments and packing,https://www.safcodental.com/product/integra-sup-reg-sup-miltex-sup-reg-sup-helicote-sup-reg-sup,173.99,USD,,In Stock,,{},"[""https://www.safcodental.com/media/catalog/product/p/f/pfpfm.jpg""]",[],,,2026-03-17T07:05:54.085757
529efd78529f6297387f1f831fee6339,ActCel,Safco Dental,PFPAJ,sutures-surgical-products > Surgical medicaments and packing,https://www.safcodental.com/product/actcel,108.29,USD,,In Stock,,{},"[""https://www.safcodental.com/media/catalog/product/p/f/pfpaj.jpg""]",[],,,2026-03-17T07:05:54.085757
b4a8d3884380fb66d102da489f529ed5,Suture needles - Integra Miltex,Safco Dental,PFHIK,sutures-surgical-products > Suture needles,https://www.safcodental.com/product/suture-needles-integra-miltex,52.49,USD,,In Stock,,{},"[""https://www.safcodental.com/media/catalog/product/p/f/pfhik.jpg""]",[],,,2026-03-17T07:05:55.502636
45bfc9d72772ced6a941d4578a4bed39,Safco SureStitch™ sutures,Safco Dental,PFEMN,sutures-surgical-products > Sutures,https://www.safcodental.com/product/safco-surestitch-trade-sutures,30.49,USD,,In Stock,,{},"[""https://www.safcodental.com/media/catalog/product/p/f/pfemn.jpg""]",[],5.0,4,2026-03-17T07:05:57.041999
e5babae9dfefaa6fcd480b83bdae75f5,Myco Medical RELI® PRO Sutures,Safco Dental,PFELV,sutures-surgical-products > Sutures,https://www.safcodental.com/product/myco-medical-reli-reg-pro-sutures,8.49,USD,,In Stock,,{},"[""https://www.safcodental.com/media/catalog/product/p/f/pfelv.jpg""]",[],,,2026-03-17T07:05:57.041999
cc6eefeac13b2056b7a016cfde326119,Look™ sutures,Safco Dental,PFEKR,sutures-surgical-products > Sutures,https://www.safcodental.com/product/look-trade-sutures,36.99,USD,,In Stock,,{},"[""https://www.safcodental.com/media/catalog/product/p/f/pfekr.jpg""]",[],5.0,2,2026-03-17T07:05:57.041999
a094da85d89b417f68349f2d9005be98,Ethicon Sutures,Safco Dental,PFEHV,sutures-surgical-products > Sutures,https://www.safcodental.com/product/ethicon-sutures,118.49,USD,,In Stock,,{},"[""https://www.safcodental.com/media/catalog/product/p/f/pfehv.jpg""]",[],5.0,1,2026-03-17T07:05:57.041999
55120478d134388454d4e4d02254f676,Perma Sharp® sutures,Safco Dental,PFEDB,sutures-surgical-products > Sutures,https://www.safcodental.com/product/perma-sharp-reg-sutures,71.99,USD,,In Stock,,{},"[""https://www.safcodental.com/media/catalog/product/p/f/pfedb.jpg""]",[],5.0,1,2026-03-17T07:05:57.041999
50067665f7033369e64d851d84b5a06f,Ocean Pacific® NeoNatural™,Safco Dental,DRDAS,gloves > Chloroprene gloves,https://www.safcodental.com/product/ocean-pacific-sup-reg-sup-neonatural-sup-trade-sup,23.49,USD,,In Stock,,{},"[""https://www.safcodental.com/media/catalog/product/d/r/drdas.jpg""]",[],,,2026-03-17T07:05:59.998710
f500f1b0e6724204de5c9927dc063771,Microflex® Neogard™ Touch,Safco Dental,DRDAR,gloves > Chloroprene gloves,https://www.safcodental.com/product/microflex-sup-reg-sup-neogard-trade-touch,37.99,USD,,In Stock,,{},"[""https://www.safcodental.com/media/catalog/product/d/r/drdar.jpg""]",[],,,2026-03-17T07:05:59.998710
e452a6c5b17edeea8d472d81dd267593,True Comfort® Blu,Safco Dental,DRDAQ,gloves > Chloroprene gloves,https://www.safcodental.com/product/true-comfort-reg-blu,19.49,USD,,In Stock,,{},"[""https://www.safcodental.com/media/catalog/product/d/r/drdaq.jpg""]",[],,,2026-03-17T07:05:59.998710
933da893a9affac7b26020adc5df90ac,Safco EZ Green Chloroprene,Safco Dental,DRDAP,gloves > Chloroprene gloves,https://www.safcodental.com/product/safco-ez-green-chloroprene,17.99,USD,,In Stock,,{},"[""https://www.safcodental.com/media/catalog/product/d/r/drdap.jpg""]",[],5.0,1,2026-03-17T07:05:59.998710
4a7f354074979cc738185d09a0cecfe9,Microflex® NeoSoft™,Safco Dental,DRDAN,gloves > Chloroprene gloves,https://www.safcodental.com/product/microflex-sup-reg-sup-neosoft-trade,18.49,USD,,In Stock,,{},"[""https://www.safcodental.com/media/catalog/product/d/r/drdan.jpg""]",[],,,2026-03-17T07:05:59.998710
b2ba4dea76dadb1a018f062fcd8adfff,AquaPrene®,Safco Dental,DRDAL,gloves > Chloroprene gloves,https://www.safcodental.com/product/aquaprene-reg,29.49,USD,,In Stock,,{},"[""https://www.safcodental.com/media/catalog/product/d/r/drdal_2.jpg""]",[],4.33,3,2026-03-17T07:05:59.998710
7cefbe38aeb5e2b863d0f3177807a95b,Flexaprene* Green,Safco Dental,DRDAI,gloves > Chloroprene gloves,https://www.safcodental.com/product/flexaprene-green,28.59,USD,,In Stock,,{},"[""https://www.safcodental.com/media/catalog/product/d/r/drdai.jpg""]",[],4.5,2,2026-03-17T07:05:59.998710
f485c0631abbec0d20452ec1e7fa7556,BeeSure® NeoGrene™,Safco Dental,DRDAH,gloves > Chloroprene gloves,https://www.safcodental.com/product/beesure-reg-neogrene-trade,24.29,USD,,In Stock,,{},"[""https://www.safcodental.com/media/catalog/product/d/r/drdah.jpg""]",[],5.0,1,2026-03-17T07:05:59.998710
1312d9678b07d668b333dcc9f5e32ea1,Micro-Touch® Affinity®,Safco Dental,DRDAG,gloves > Chloroprene gloves,https://www.safcodental.com/product/micro-touch-sup-reg-sup-affinity-sup-reg-sup,23.49,USD,,In Stock,,{},"[""https://www.safcodental.com/media/catalog/product/d/r/drdag.jpg""]",[],5.0,2,2026-03-17T07:05:59.998710
700b2669e93fa2625f55d7a4a592bf81,Microflex® Neogard®,Safco Dental,DRDAF,gloves > Chloroprene gloves,https://www.safcodental.com/product/microflex-sup-reg-sup-neogard-sup-reg-sup,22.99,USD,,In Stock,,{},"[""https://www.safcodental.com/media/catalog/product/d/r/drdaf.jpg""]",[],5.0,1,2026-03-17T07:05:59.998710
efd05adef06aac2a2503a18d836ddc07,Nuvo™,Safco Dental,DRDAE,gloves > Chloroprene gloves,https://www.safcodental.com/product/nuvo-trade-drdae,7.49,USD,,Out of Stock,,{},"[""https://www.safcodental.com/media/catalog/product/d/r/drdae.jpg""]",[],,,2026-03-17T07:05:59.998710
cf365257b64e83ab813ab5c05486cfab,Microflex® NeoPro®,Safco Dental,DRDAC,gloves > Chloroprene gloves,https://www.safcodental.com/product/microflex-sup-reg-sup-neopro-sup-reg-sup,24.99,USD,,In Stock,,{},"[""https://www.safcodental.com/media/catalog/product/d/r/drdac.jpg""]",[],5.0,1,2026-03-17T07:05:59.998710
150ca1d6c7cb5a8e2d1c8986134928c6,Wire glove box holder,Safco Dental,DRVCD-LC,gloves > Glove Holder,https://www.safcodental.com/product/wire-glove-box-holder,21.49,USD,,In Stock,,{},"[""https://www.safcodental.com/media/catalog/product/d/r/drvcd_lc.jpg""]",[],,,2026-03-17T07:06:01.510861
dddc72fe5a39b4eebaa3d99acb623d02,Essential Textured,Safco Dental,DRBBP,gloves > Latex gloves,https://www.safcodental.com/product/essential-textured,15.97,USD,,In Stock,,{},"[""https://www.safcodental.com/media/catalog/product/d/r/drbbp.jpg""]",[],,,2026-03-17T07:06:03.025612
ed1682ca8f5f059102d1e5f67bb00226,ProDerm™,Safco Dental,DRBBM,gloves > Latex gloves,https://www.safcodental.com/product/proderm-trade,9.99,USD,,In Stock,,{},"[""https://www.safcodental.com/media/catalog/product/d/r/drbbm.jpg""]",[],5.0,3,2026-03-17T07:06:03.025612
6b8a1cfb813a6931511ec518dbf1b803,Polymed®,Safco Dental,DRBBL,gloves > Latex gloves,https://www.safcodental.com/product/polymed-reg,6.99,USD,,In Stock,,{},"[""https://www.safcodental.com/media/catalog/product/d/r/drbbl.jpg""]",[],,,2026-03-17T07:06:03.025612
2539cec3b6604a07a009c8e018a99005,Safco DuraSoft™ latex gloves,Safco Dental,DRBBK,gloves > Latex gloves,https://www.safcodental.com/product/safco-durasoft-trade-latex-gloves,6.99,USD,,In Stock,,{},"[""https://www.safcodental.com/media/catalog/product/d/r/drbbk.jpg""]",[],5.0,5,2026-03-17T07:06:03.025612
84db171a2a9a96315f91b806db96642e,BeeSure® Latex,Safco Dental,DRBBH,gloves > Latex gloves,https://www.safcodental.com/product/beesure-reg-latex,11.49,USD,,In Stock,,{},"[""https://www.safcodental.com/media/catalog/product/d/r/drbbh.jpg""]",[],4.0,2,2026-03-17T07:06:03.025612
dbc4747a2f72a09751eba5cb1b174de7,Blossom®,Safco Dental,DRBBE,gloves > Latex gloves,https://www.safcodental.com/product/blossom-reg,8.59,USD,,In Stock,,{},"[""https://www.safcodental.com/media/catalog/product/d/r/drbbe.jpg""]",[],5.0,2,2026-03-17T07:06:03.025612
52e95037d2446e762c5b38aa50a84e03,Aurelia® Distinct®,Safco Dental,DRBBA,gloves > Latex gloves,https://www.safcodental.com/product/aurelia-reg-distinct-reg,8.79,USD,,In Stock,,{},"[""https://www.safcodental.com/media/catalog/product/d/r/drbba.jpg""]",[],5.0,1,2026-03-17T07:06:03.025612
0aee07cdbfcf5576a96241de854944d9,VitalGard®,Safco Dental,DRBAZ,gloves > Latex gloves,https://www.safcodental.com/product/vitalgard-reg,12.49,USD,,In Stock,,{},"[""https://www.safcodental.com/media/catalog/product/d/r/drbaz.jpg""]",[],5.0,3,2026-03-17T07:06:03.025612
64b6693712caa9b836db10e3443f381e,Cyntek®,Safco Dental,DRBAX,gloves > Latex gloves,https://www.safcodental.com/product/cyntek-reg,16.49,USD,,In Stock,,{},"[""https://www.safcodental.com/media/catalog/product/d/r/drbax_2.jpg""]",[],,,2026-03-17T07:06:03.025612
0425845e817f25a26edda07acebfe152,Microflex® ComfortGrip™,Safco Dental,DRBAW,gloves > Latex gloves,https://www.safcodental.com/product/microflex-reg-comfortgrip-trade,13.49,USD,,In Stock,,{},"[""https://www.safcodental.com/media/catalog/product/d/r/drbaw.jpg""]",[],,,2026-03-17T07:06:03.025612
85e6f1a828c713acc089eb542d2e81ca,Pulse™ latex,Safco Dental,DRBAV,gloves > Latex gloves,https://www.safcodental.com/product/pulse-trade-latex,9.99,USD,,In Stock,,{},"[""https://www.safcodental.com/media/catalog/product/d/r/drbav.jpg""]",[],5.0,1,2026-03-17T07:06:03.025612
c99351fde445e6739ec7376c0d6ec0de,MicroPro Textured,Safco Dental,DRBAT,gloves > Latex gloves,https://www.safcodental.com/product/micropro-textured,12.49,USD,,In Stock,,{},"[""https://www.safcodental.com/media/catalog/product/d/r/drbat.jpg""]",[],5.0,1,2026-03-17T07:06:03.025612
8bdbeeff8964b002fbb072c017baa923,Aurelia® Vibrant™,Safco Dental,DRBAS,gloves > Latex gloves,https://www.safcodental.com/product/aurelia-reg-vibrant-trade,8.99,USD,,In Stock,,{},"[""https://www.safcodental.com/media/catalog/product/d/r/drbas.jpg""]",[],4.5,2,2026-03-17T07:06:03.026458
3693f7c439cc068b127dcc16de2c54f6,Sigma®,Safco Dental,DRBAR,gloves > Latex gloves,https://www.safcodental.com/product/sigma-reg,11.99,USD,,In Stock,,{},"[""https://www.safcodental.com/media/catalog/product/d/r/drbar_2.jpg""]",[],,,2026-03-17T07:06:03.026458
aead2e6d89986f9ee3577dbd40fdf925,Aurelia® Refresh®,Safco Dental,DRBAO,gloves > Latex gloves,https://www.safcodental.com/product/aurelia-reg-refresh-reg,10.49,USD,,In Stock,,{},"[""https://www.safcodental.com/media/catalog/product/d/r/drbao.jpg""]",[],5.0,1,2026-03-17T07:06:03.026458
52c68526094fe00b571247765de04dab,Microflex® Diamond Grip Plus™,Safco Dental,DRBAI,gloves > Latex gloves,https://www.safcodental.com/product/microflex-reg-diamond-grip-plus-trade,14.49,USD,,In Stock,,{},"[""https://www.safcodental.com/media/catalog/product/d/r/drbai.jpg""]",[],3.0,1,2026-03-17T07:06:03.026458
741cd90c4b35a0c697e713bf6bff8b23,AloePro™,Safco Dental,DRBAD,gloves > Latex gloves,https://www.safcodental.com/product/aloepro-trade,15.49,USD,,In Stock,,{},"[""https://www.safcodental.com/media/catalog/product/d/r/drbad.jpg""]",[],,,2026-03-17T07:06:03.026458
c42f053db9715e10be1238cb6683fb06,Silkcare®,Safco Dental,DRBAC,gloves > Latex gloves,https://www.safcodental.com/product/silkcare-reg,16.49,USD,,In Stock,,{},"[""https://www.safcodental.com/media/catalog/product/d/r/drbac_2.jpg""]",[],5.0,2,2026-03-17T07:06:03.026458
13ae2f8bf5c861a276f38a7b4433e1e3,Crave™,Safco Dental,DRCCA,gloves > Nitrile gloves,https://www.safcodental.com/product/crave-trade,19.49,USD,,In Stock,,{},"[""https://www.safcodental.com/media/catalog/product/d/r/drcca_2.jpg""]",[],4.0,1,2026-03-17T07:06:04.526393
3ffb3867be11f7e97c11da407b82109f,Dash Alasta® PRO with Glide Assist™ Nitrile Exam Gloves,Safco Dental,DRCDK,gloves > Nitrile gloves,https://www.safcodental.com/product/alasta-pro,23.49,USD,,In Stock,"Make glove changes faster and easier with Alasta® PRO nitrile dental exam gloves, featuring innovative Glide Assist™ technology that helps you slide into gloves effortlessly — even with damp hands. Designed for dental professionals, the Soft Fit™ formulation provides a comfortable, form-fitting feel that enhances dexterity during procedures. The professional medical blue color offers a clean, clinical look that complements any operatory setting. Alasta® PRO gloves are fentanyl-tested and chemo-approved, ensuring trusted protection for use in high-risk or clinical dental environments. Each box contains 200 premium nitrile gloves, offering exceptional value and efficiency for busy dental practices.",{},"[""https://www.safcodental.com/media/catalog/product/d/r/drcdk.jpg""]",[],,,2026-03-17T07:06:04.526393
b5efc1ec274d569eaeabaef4e4de033a,HALYARD* Black Nitrile Exam Gloves,Safco Dental,DRCDL,gloves > Nitrile gloves,https://www.safcodental.com/product/halyard-black-nitrile,8.29,USD,,In Stock,"HALYARD* Black Nitrile Exam Gloves deliver dependable protection and professional performance for dental professionals. Perfect for clinical and hygiene procedures, these nitrile gloves provide excellent tactile sensitivity and a secure grip with textured fingertips for confident instrument handling. The sleek black color conceals stains, maintaining a clean, modern look in any dental setting. Each box contains 100 gloves in a SMARTPULL* Dispenser designed to reduce waste, improve efficiency, and save valuable operatory space.",{},"[""https://www.safcodental.com/media/catalog/product/d/r/drcdl.jpg""]",[],,,2026-03-17T07:06:04.526393
b90feb94e3641025f8edc05cd2a1138a,Safco Nitrilex Soothe,Safco Dental,DRCDJ,gloves > Nitrile gloves,https://www.safcodental.com/product/safco-nitrilex-soothe,15.99,USD,,In Stock,,{},"[""https://www.safcodental.com/media/catalog/product/d/r/drcdj.jpg""]",[],,,2026-03-17T07:06:04.526393
6beaf41582c869e105df8e51fc9f4983,Black Maxx®,Safco Dental,DRCDI,gloves > Nitrile gloves,https://www.safcodental.com/product/black-maxx-sup-reg-sup,24.99,USD,,In Stock,,{},"[""https://www.safcodental.com/media/catalog/product/d/r/drcdi.jpg""]",[],,,2026-03-17T07:06:04.526393
c634ffa58a7303755c1ce8675fbe8059,GloveUp®,Safco Dental,DRCDH,gloves > Nitrile gloves,https://www.safcodental.com/product/gloveup-sup-reg-sup,30.99,USD,,In Stock,,{},"[""https://www.safcodental.com/media/catalog/product/d/r/drcdh.jpg""]",[],5.0,1,2026-03-17T07:06:04.526393
f7e1d73ba0c784834fb99c10db4fba76,Bio Nitrile®,Safco Dental,DRCDG,gloves > Nitrile gloves,https://www.safcodental.com/product/bio-nitrile-sup-reg-sup,23.99,USD,,In Stock,,{},"[""https://www.safcodental.com/media/catalog/product/d/r/drcdg.jpg""]",[],,,2026-03-17T07:06:04.526393
8bbd77c62bcfb6b54c1d107d9e546df0,Quantum Blue,Safco Dental,DRCDE,gloves > Nitrile gloves,https://www.safcodental.com/product/quantum-blue,8.59,USD,,In Stock,,{},"[""https://www.safcodental.com/media/catalog/product/d/r/drcde.jpg""]",[],5.0,3,2026-03-17T07:06:04.526393
9949efb7b3b2ce41108e9e1b7291ca3d,PowerForm Black,Safco Dental,DRCDD,gloves > Nitrile gloves,https://www.safcodental.com/product/powerform-black,15.99,USD,,In Stock,,{},"[""https://www.safcodental.com/media/catalog/product/d/r/drcdd.jpg""]",[],5.0,1,2026-03-17T07:06:04.526393
465cc6fe27177c83f77e5c0b78170c14,TrueForm,Safco Dental,DRCDC,gloves > Nitrile gloves,https://www.safcodental.com/product/trueform,12.99,USD,,In Stock,,{},"[""https://www.safcodental.com/media/catalog/product/d/r/drcdc.jpg""]",[],,,2026-03-17T07:06:04.526393
3a8d1ea183f15a5e6b635db760437e57,Microflex® Midknight™ Touch,Safco Dental,DRCDB,gloves > Nitrile gloves,https://www.safcodental.com/product/microflex-reg-midknight-trade-touch,8.99,USD,,In Stock,,{},"[""https://www.safcodental.com/media/catalog/product/d/r/drcdb.jpg""]",[],5.0,1,2026-03-17T07:06:04.526393
4898243f47a19739f0b9fc07407bfeb5,Micro-Touch® NitraFree™ Pink,Safco Dental,DRCDA,gloves > Nitrile gloves,https://www.safcodental.com/product/micro-touch-reg-nitrafree-trade-pink,15.99,USD,,In Stock,,{},"[""https://www.safcodental.com/media/catalog/product/d/r/drcda.jpg""]",[],5.0,1,2026-03-17T07:06:04.526393
229d4cd02f0ec6f786048bc22492b570,Micro-Touch® NitraFree™ Blue,Safco Dental,DRCCZ,gloves > Nitrile gloves,https://www.safcodental.com/product/micro-touch-reg-nitrafree-trade-blue,19.99,USD,,In Stock,,{},"[""https://www.safcodental.com/media/catalog/product/d/r/drccz.jpg""]",[],,,2026-03-17T07:06:04.526393
00ece2e9a94037298862fb715723c114,CARBON® Air,Safco Dental,DRCCY,gloves > Nitrile gloves,https://www.safcodental.com/product/carbon-reg-air,23.79,USD,,In Stock,,{},"[""https://www.safcodental.com/media/catalog/product/d/r/drccy_2.jpg""]",[],5.0,2,2026-03-17T07:06:04.526393
a2d18c53de31268c8a95bf715f7c7b86,Safco Nitrilex Black,Safco Dental,DRCCX,gloves > Nitrile gloves,https://www.safcodental.com/product/safco-nitrilex-black,13.29,USD,,In Stock,"Important Note: Due to a manufacturing delay, Size Small is currently unavailable. We anticipate inventory arriving in late February. Powder-free nitrile exam gloves. Our strongest and thinnest nitrile glove yet. Designed to preserve the sensitivity you have come to expect from the Nitrilex line of gloves. Textured fingertip finish Beaded cuff Non-chlorinated Ambidextreous Black color Polymer coated for easy donning Thickness: at palm 2.0 mils; at fingertip 2.3 mils 200 gloves per box Order 10 boxes to purchase a case",{},"[""https://www.safcodental.com/media/catalog/product/d/r/drccx.jpg""]",[],5.0,1,2026-03-17T07:06:04.526393
6b654f079f09e15c334148c95bfc595f,BeeSure UltraSlim Nitrile,Safco Dental,DRCCW,gloves > Nitrile gloves,https://www.safcodental.com/product/beesure-ultraslim-nitrile,25.49,USD,,In Stock,,{},"[""https://www.safcodental.com/media/catalog/product/d/r/drccw.jpg""]",[],5.0,3,2026-03-17T07:06:04.526393
30721b5e80e9888d0b1f0b63632226be,Alasta® Shimmer Pink Nitrile,Safco Dental,DRCCV,gloves > Nitrile gloves,https://www.safcodental.com/product/alasta-sup-reg-sup-shimmer-pink-nitrile,13.49,USD,,In Stock,"Powder-free nitrile exam gloves. Pink for a cause: for every case sold, DASH® Medical donates $1 to The American Cancer SocietyTextured fingertip finishBeaded cuffAmbidextrousPink colorTested for use with chemotherapy drugsThickness: at palm 2.8 mils; at fingertips 3.9 mils100 gloves per boxOrder 10 boxes to purchase a case",{},"[""https://www.safcodental.com/media/catalog/product/d/r/drccv.jpg""]",[],5.0,1,2026-03-17T07:06:04.526393
d5c035ade392cb3270ce06d7bcb17c70,Microflex® 92-134,Safco Dental,DRCCT,gloves > Nitrile gloves,https://www.safcodental.com/product/microflex-reg-92-134,8.99,USD,,In Stock,,{},"[""https://www.safcodental.com/media/catalog/product/d/r/drcct.jpg""]",[],5.0,1,2026-03-17T07:06:04.526393
49fec4fc3971a7180ec3fd25774205d8,Safco Nitrilex Surpass™,Safco Dental,DRCCS,gloves > Nitrile gloves,https://www.safcodental.com/product/safco-nitrilex-surpass-trade,15.99,USD,,In Stock,,{},"[""https://www.safcodental.com/media/catalog/product/d/r/drccs.jpg""]",[],4.92,26,2026-03-17T07:06:04.526393
7893d58432f7f8f8c235c98398dc4d95,REVOSOFT® nitrile gloves,Safco Dental,DRCCR,gloves > Nitrile gloves,https://www.safcodental.com/product/revosoft-reg-nitrile-gloves,22.99,USD,,In Stock,,{},"[""https://www.safcodental.com/media/catalog/product/d/r/drccr_2.jpg""]",[],5.0,1,2026-03-17T07:06:04.526393
33a2756064bc28750e95cbee427e0f54,Aurelia® Bold®,Safco Dental,DRCCN,gloves > Nitrile gloves,https://www.safcodental.com/product/aurelia-reg-bold-reg,7.99,USD,,In Stock,Nitrile powder-free exam gloves. Maximum strength and durability. Fully-textured finish for improved grip Beaded cuff Chlorinated Ambidextrous Black color Thickness: at palm 5.0 mils; at fingertips 6.0 mils 100 gloves per box Order 10 boxes to purchase a case,{},"[""https://www.safcodental.com/media/catalog/product/d/r/drccn.jpg""]",[],,,2026-03-17T07:06:04.526393
092c351df232ae25bbab890d3f558a20,Aurelia® Robust®,Safco Dental,DRCCM,gloves > Nitrile gloves,https://www.safcodental.com/product/aurelia-sup-reg-sup-robust-sup-reg-sup,7.49,USD,,In Stock,,{},"[""https://www.safcodental.com/media/catalog/product/d/r/drccm.jpg""]",[],5.0,1,2026-03-17T07:06:04.526393
eb7105c783004143d5c91e2b5677aa86,Aurelia® Sonic® 100,Safco Dental,DRCCL,gloves > Nitrile gloves,https://www.safcodental.com/product/aurelia-reg-sonic-reg-100,6.99,USD,,In Stock,,{},"[""https://www.safcodental.com/media/catalog/product/d/r/drccl.jpg""]",[],5.0,1,2026-03-17T07:06:04.526393
c1998fa18f63debb5e40890299a361c7,Luxe™,Safco Dental,DRCCK,gloves > Nitrile gloves,https://www.safcodental.com/product/luxe-trade,25.99,USD,,In Stock,,{},"[""https://www.safcodental.com/media/catalog/product/d/r/drcck_2.jpg""]",[],5.0,4,2026-03-17T07:06:04.526393
552b28b1581bfd5a6c1ca7571335d4e9,Safco Nitrilex Prevail™ nitrile gloves,Safco Dental,DRCCJ,gloves > Nitrile gloves,https://www.safcodental.com/product/safco-nitrilex-prevail-trade-nitrile-gloves,15.99,USD,,In Stock,,{},"[""https://www.safcodental.com/media/catalog/product/d/r/drccj.jpg""]",[],4.14,7,2026-03-17T07:06:04.526393
ad44a5619711dffe52674442762b45c6,Aurelia® Absolute™,Safco Dental,DRCCI,gloves > Nitrile gloves,https://www.safcodental.com/product/aurelia-reg-absolute-trade,16.49,USD,,In Stock,,{},"[""https://www.safcodental.com/media/catalog/product/d/r/drcci.jpg""]",[],5.0,1,2026-03-17T07:06:04.526393
05c9ecbdd10ecc56f0b4e77f25cff06b,Inspire™,Safco Dental,DRCCH,gloves > Nitrile gloves,https://www.safcodental.com/product/inspire-trade,23.49,USD,,In Stock,,{},"[""https://www.safcodental.com/media/catalog/product/d/r/drcch_2.jpg""]",[],4.4,5,2026-03-17T07:06:04.526393
d5b9fc62dbe0198f5e5d70b9f49db483,CARBON® Nitrile,Safco Dental,DRCCG,gloves > Nitrile gloves,https://www.safcodental.com/product/carbon-reg-nitrile,16.79,USD,,In Stock,,{},"[""https://www.safcodental.com/media/catalog/product/d/r/drccg_2.jpg""]",[],5.0,1,2026-03-17T07:06:04.526393
1b8bf41c8cb565b078f2cb04d12ae9ea,Pulse® Logic™,Safco Dental,DRCCF,gloves > Nitrile gloves,https://www.safcodental.com/product/pulse-reg-logic-trade,17.49,USD,,In Stock,,{},"[""https://www.safcodental.com/media/catalog/product/d/r/drccf.jpg""]",[],,,2026-03-17T07:06:04.526393
6a11e9bbabee0dbacd71baf4fe2a33fa,Transcend™,Safco Dental,DRCCC,gloves > Nitrile gloves,https://www.safcodental.com/product/transcend-trade,15.99,USD,,In Stock,,{},"[""https://www.safcodental.com/media/catalog/product/d/r/drccc_2.jpg""]",[],4.4,5,2026-03-17T07:06:04.526393
8983ca3eb859d3bc1c3749767e3251d8,Microflex® MidKnight®,Safco Dental,DRCBZ,gloves > Nitrile gloves,https://www.safcodental.com/product/microflex-reg-midknight-reg,17.99,USD,,In Stock,,{},"[""https://www.safcodental.com/media/catalog/product/d/r/drcbz.jpg""]",[],5.0,1,2026-03-17T07:06:04.526393
9cbc0a03a62a418119ac50e472132033,BeeSure® Glacier Nitrile,Safco Dental,DRCBY,gloves > Nitrile gloves,https://www.safcodental.com/product/beesure-reg-glacier-nitrile,20.49,USD,,In Stock,,{},"[""https://www.safcodental.com/media/catalog/product/d/r/drcby.jpg""]",[],5.0,2,2026-03-17T07:06:04.526393
8f2357731b082f780e94916dfd1d8753,Revo200®,Safco Dental,DRCBX,gloves > Nitrile gloves,https://www.safcodental.com/product/revo200-reg,17.49,USD,,In Stock,,{},"[""https://www.safcodental.com/media/catalog/product/d/r/drcbx_2.jpg""]",[],5.0,1,2026-03-17T07:06:04.526393
65d36d6f1048fa857039762c182045e4,Aurelia® Sonic®,Safco Dental,DRCBW,gloves > Nitrile gloves,https://www.safcodental.com/product/aurelia-sup-reg-sup-sonic-sup-reg-sup,24.49,USD,,In Stock,,{},"[""https://www.safcodental.com/media/catalog/product/d/r/drcbw.jpg""]",[],4.5,2,2026-03-17T07:06:04.526393
125e35756163a3e693c339b3fbb86f2a,Aurelia® Blush®,Safco Dental,DRCBU,gloves > Nitrile gloves,https://www.safcodental.com/product/aurelia-reg-blush-reg,16.49,USD,,In Stock,,{},"[""https://www.safcodental.com/media/catalog/product/d/r/drcbu.jpg""]",[],5.0,1,2026-03-17T07:06:04.526393
d72130fb9af9deea5d7208d74dabedc7,Aquasoft* Powder-free nitrile exam gloves,Safco Dental,DRCBT,gloves > Nitrile gloves,https://www.safcodental.com/product/aquasoft,32.5,USD,,In Stock,,{},"[""https://www.safcodental.com/media/catalog/product/d/r/drcbt.jpg""]",[],4.83,6,2026-03-17T07:06:04.526393
c24b412a2ac077a7921d5b1e1c56bb62,Evolve™ 300,Safco Dental,DRCBS,gloves > Nitrile gloves,https://www.safcodental.com/product/evolve-trade-300,26.99,USD,,In Stock,,{},"[""https://www.safcodental.com/media/catalog/product/d/r/drcbs_2.jpg""]",[],5.0,1,2026-03-17T07:06:04.526393
51ec11e9fbaae08a7b8ffcfabbc55999,Pulse Nitrile,Safco Dental,DRCBQ,gloves > Nitrile gloves,https://www.safcodental.com/product/pulse-nitrile,13.99,USD,,In Stock,,{},"[""https://www.safcodental.com/media/catalog/product/d/r/drcbq.jpg""]",[],5.0,4,2026-03-17T07:06:04.526393
7d67c61578179711c907dc2038bd7175,BeeSure® SuperSlim™ Nitrile,Safco Dental,DRCBO,gloves > Nitrile gloves,https://www.safcodental.com/product/beesure-reg-superslim-trade-nitrile,20.99,USD,,In Stock,,{},"[""https://www.safcodental.com/media/catalog/product/d/r/drcbo.jpg""]",[],4.85,13,2026-03-17T07:06:04.527371
43efe1755337b1042a8fb7f20b6fa6ed,Safco Nitrilex® UltraSoft nitrile gloves,Safco Dental,DRCBN,gloves > Nitrile gloves,https://www.safcodental.com/product/safco-nitrilex-reg-ultrasoft-nitrile-gloves,13.29,USD,,In Stock,,{},"[""https://www.safcodental.com/media/catalog/product/d/r/drcbn.jpg""]",[],4.6,10,2026-03-17T07:06:04.527371
616d93194bf78634be527e35c6104ed5,Aurelia® Amazing® Powder free nitrile exam gloves,Safco Dental,DRCBM,gloves > Nitrile gloves,https://www.safcodental.com/product/aurelia-reg-amazing-reg,24.49,USD,,In Stock,,{},"[""https://www.safcodental.com/media/catalog/product/d/r/drcbm.jpg""]",[],5.0,7,2026-03-17T07:06:04.527371
8986c690e3a79f3653644a73ae7ca370,Aqua Source®,Safco Dental,DRCBL,gloves > Nitrile gloves,https://www.safcodental.com/product/aqua-source-reg,20.49,USD,,In Stock,,{},"[""https://www.safcodental.com/media/catalog/product/d/r/drcbl_2.jpg""]",[],5.0,1,2026-03-17T07:06:04.527371
2259688e8403fdf66a5e30336f1b839e,Halo™,Safco Dental,DRCBK,gloves > Nitrile gloves,https://www.safcodental.com/product/halo-trade,11.49,USD,,In Stock,,{},"[""https://www.safcodental.com/media/catalog/product/d/r/drcbk.jpg""]",[],,,2026-03-17T07:06:04.527371
41e0eb3ec9f922a39aede2e5efd05518,Microflex® Ultraform™,Safco Dental,DRCBJ,gloves > Nitrile gloves,https://www.safcodental.com/product/microflex-sup-reg-sup-ultraform-sup-trade-sup,27.49,USD,,In Stock,,{},"[""https://www.safcodental.com/media/catalog/product/d/r/drcbj.jpg""]",[],4.33,3,2026-03-17T07:06:04.527371
59497724774d5340ce7711e258a10c65,Aurelia® Transform®,Safco Dental,DRCBI,gloves > Nitrile gloves,https://www.safcodental.com/product/aurelia-sup-reg-sup-transform-sup-reg-sup,16.49,USD,,In Stock,,{},"[""https://www.safcodental.com/media/catalog/product/d/r/drcbi.jpg""]",[],1.0,1,2026-03-17T07:06:04.527371
5a7ba78433ce9c1a15d59c14f107d068,Alasta® White,Safco Dental,DRCBH,gloves > Nitrile gloves,https://www.safcodental.com/product/alasta-sup-reg-sup-white,10.99,USD,,In Stock,,{},"[""https://www.safcodental.com/media/catalog/product/d/r/drcbh.jpg""]",[],5.0,1,2026-03-17T07:06:04.527371
e5eead5de1e31831cff05d67f46789a7,Hu-Friedy nitrile utility gloves,Safco Dental,DRCBG,gloves > Nitrile gloves,https://www.safcodental.com/product/hu-friedy-nitrile-utility-gloves,24.99,USD,,In Stock,,{},"[""https://www.safcodental.com/media/catalog/product/d/r/drcbg.jpg""]",[],5.0,1,2026-03-17T07:06:04.527371
36f85d800d57bfcee9958d4381c57fdd,Aurelia® Perform™,Safco Dental,DRCBF,gloves > Nitrile gloves,https://www.safcodental.com/product/aurelia-sup-reg-sup-perform-sup-trade-sup,14.49,USD,,In Stock,,{},"[""https://www.safcodental.com/media/catalog/product/d/r/drcbf.jpg""]",[],5.0,1,2026-03-17T07:06:04.527371
e0713958975ce0e3e9f6552998053f01,BeeSure® Slim™ Nitrile,Safco Dental,DRCBD,gloves > Nitrile gloves,https://www.safcodental.com/product/beesure-reg-slim-trade-nitrile,15.79,USD,,In Stock,,{},"[""https://www.safcodental.com/media/catalog/product/d/r/drcbd.jpg""]",[],5.0,1,2026-03-17T07:06:04.527371
ef5d28047bbd7e61533bf31c8683ef1b,Microflex® Xceed®,Safco Dental,DRCBC,gloves > Nitrile gloves,https://www.safcodental.com/product/microflex-reg-xceed-reg,24.99,USD,,In Stock,,{},"[""https://www.safcodental.com/media/catalog/product/d/r/drcbc.jpg""]",[],5.0,1,2026-03-17T07:06:04.527371
603ac544ac02741f87f549b0d2106d98,NitriDerm® nitrile surgical gloves,Safco Dental,DRECM,gloves > Surgical gloves,https://www.safcodental.com/product/nitriderm-sup-reg-sup-nbsp-nitrile-surgical-gloves,61.99,USD,,In Stock,,{},"[""https://www.safcodental.com/media/catalog/product/d/r/drecm.jpg""]",[],3.0,1,2026-03-17T07:06:06.098931
526af13275619bbe8b721ee7a052ecf2,DermAssist® latex surgical gloves,Safco Dental,DRECL,gloves > Surgical gloves,https://www.safcodental.com/product/dermassist-sup-reg-sup-latex-surgical-gloves,42.99,USD,,In Stock,,{},"[""https://www.safcodental.com/media/catalog/product/d/r/drecl.jpg""]",[],5.0,1,2026-03-17T07:06:06.098931
85d2369c3df964b643b7afafc58c5929,Encore® Sensi-Touch® PF,Safco Dental,DREBH,gloves > Surgical gloves,https://www.safcodental.com/product/encore-reg-sensi-touch-reg-pf,56.49,USD,,In Stock,,{},"[""https://www.safcodental.com/media/catalog/product/d/r/drebh.jpg""]",[],,,2026-03-17T07:06:06.098931
2261d8ab9db4b047d96b891590ff17f7,Nuvo™,Safco Dental,DRUII-LC,gloves > Vinyl gloves,https://www.safcodental.com/product/nuvo-trade,7.49,USD,,In Stock,,{},"[""https://www.safcodental.com/media/catalog/product/d/r/druii_lc.jpg""]",[],,,2026-03-17T07:06:07.648293
